{
  "cards": [
    {
      "dateTime": "27 Jan 2021",
      "title": "How one Webflow user grew his single person consultancy from $0-100K in 14 months",
      "description": "See how pivoting to Webflow changed one person’s sales strategy and allowed him to attract",
      "url": "../../assets/images/photo-of-people-using-laptops-3182833.png",
      "id": 1
    },
    {
      "dateTime": "27 Jan 2021",
      "title": "How one Webflow user grew his single person consultancy from $0-100K in 14 months",
      "description": "See how pivoting to Webflow changed one person’s sales strategy and allowed him to attract",
      "url": "../../assets/images/side-view-photo-of-smiling-woman-in-a-black-and-white-striped-top-sitting-on-a-bed-while-using-a-laptop-3765035.png",
      "id": 2
    },
    {
      "dateTime": "27 Jan 2021",
      "title": "How one Webflow user grew his single person consultancy from $0-100K in 14 months",
      "description": "See how pivoting to Webflow changed one person’s sales strategy and allowed him to attract",
      "url": "../../assets/images/top-view-photo-of-person-holding-earphones-3183198.png",
      "id": 3
    },
    {
      "dateTime": "27 Jan 2021",
      "title": "How one Webflow user grew his single person consultancy from $0-100K in 14 months",
      "description": "See how pivoting to Webflow changed one person’s sales strategy and allowed him to attract",
      "url": "../../assets/images/top-view-photo-of-people-having-a-meeting-3182822.png",
      "id": 4
    },
    {
      "dateTime": "27 Jan 2021",
      "title": "How one Webflow user grew his single person consultancy from $0-100K in 14 months",
      "description": "See how pivoting to Webflow changed one person’s sales strategy and allowed him to attract",
      "url": "../../assets/images/man-wearing-red-crew-neck-shirt-1125028.png",
      "id": 5
    },
    {
      "dateTime": "27 Jan 2021",
      "title": "How one Webflow user grew his single person consultancy from $0-100K in 14 months",
      "description": "See how pivoting to Webflow changed one person’s sales strategy and allowed him to attract",
      "url": "../../assets/images/group-of-person-sitting-indoors-3184306.png",
      "id": 6
    }
  ]
}